{
  "project_info": {
    "project_number": "477422807041",
    "project_id": "uecfs-a0465",
    "storage_bucket": "uecfs-a0465.appspot.com"
  },
  "client": [
    {
      "client_info": {
        "mobilesdk_app_id": "1:477422807041:android:b96dddb1a218c6667f7800",
        "android_client_info": {
          "package_name": "com.example.uecfs"
        }
      },
      "oauth_client": [],
      "api_key": [
        {
          "current_key": "AIzaSyA_qehyQT8DNVx2dcviBEK1-nJKBLciDqg"
        }
      ],
      "services": {
        "appinvite_service": {
          "other_platform_oauth_client": []
        }
      }
    }
  ],
  "configuration_version": "1"
}